[
 /*
  {
    "execute": "Y",
    "apiName": "CompanyCrossRefs",
    "fields": "companyKey,dataProviderKey,providerCompanyNm,providerCompanyId",
    "mandatoryFields": "",
    "uniqueFields": "",
    "cdInitials": "CCR",
    "versionable": "Y",
    "crossRefFields": [
      {
        "apiName": "DataProviders",
        "field": "dataProviderKey"
      },
      {
        "apiName": "Companies",
        "field": "companyKey"
      }
    ]
  },
  {
    "execute": "Y",
    "apiName": "CompanyRoleTypeCrossRefs",
    "fields": "companyRoleTypeKey,dataProviderKey,providerCompanyRoleTypeCd",
    "mandatoryFields": "",
    "uniqueFields": "",
    "cdInitials": "CRTCR",
    "versionable": "Y",
    "crossRefFields": [
      {
        "apiName": "DataProviders",
        "field": "dataProviderKey"
      },
      {
        "apiName": "CompanyRoleTypes",
        "field": "companyRoleTypeKey"
      }
    ]
  },
  {
    "execute": "Y",
    "apiName": "GeopoliticalEntityCrossRefs",
    "fields": "geopoliticalEntityKey,dataProviderKey,providerGeopoliticalEntityId,providerCountryNm,providerCountrySubdivisionNm,providerCountrySubSubdivisionNm,providerCityNm",
    "defaultValueFields": [
      {
        "field": "providerGeopoliticalEntityId",
        "value": "0"
      },
      {
        "field": "providerCountryNm",
        "value": ""
      },
      {
        "field": "providerCountrySubdivisionNm",
        "value": ""
      },
      {
        "field": "providerCountrySubSubdivisionNm",
        "value": ""
      }
    ],
    "mandatoryFields": "geopoliticalEntityKey,dataProviderKey",
    "uniqueFields": "",
    "cdInitials": "GECR",
    "versionable": "Y",
    "crossRefFields": [
      {
        "apiName": "DataProviders",
        "field": "dataProviderKey"
      },
      {
        "apiName": "geopoliticalEntities",
        "field": "geopoliticalEntityKey"
      }
    ]
  },
  {
    "execute": "Y",
    "apiName": "MeasureUnitCrossRefs",
    "fields": "measureUnitKey,dataProviderKey,providerMeasureUnitCd",
    "mandatoryFields": "",
    "uniqueFields": "",
    "cdInitials": "MUCR",
    "versionable": "Y",
    "crossRefFields": [
      {
        "apiName": "DataProviders",
        "field": "dataProviderKey"
      },
      {
        "apiName": "MeasureUnits",
        "field": "measureUnitKey"
      }
    ]
  },
 
  {
    "execute": "Y",
    "apiName": "MaterialProductClassCrossRefs",
    "fields": "materialProductClassKey,dataProviderKey,providerMaterialProductClassCd",
    "mandatoryFields": "",
    "uniqueFields": "",
    "cdInitials": "MPCCR",
    "versionable": "Y",
    "crossRefFields": [
      {
        "apiName": "DataProviders",
        "field": "dataProviderKey"
      },
      {
        "apiName": "MaterialProductClass",
        "field": "materialProductClassKey"
      }
    ]
  },
  {
    "execute": "Y",
    "apiName": "MaterialTypeCrossRefs",
    "fields": "materialTypeKey,dataProviderKey,providerMaterialTypeNm",
    "mandatoryFields": "",
    "uniqueFields": "",
    "cdInitials": "MTCR",
    "versionable": "Y",
    "crossRefFields": [
      {
        "apiName": "DataProviders",
        "field": "dataProviderKey"
      },
      {
        "apiName": "MaterialType",
        "field": "materialTypeKey"
      }
    ]
  }
 ,
  
  {
    "execute": "Y",
    "apiName": "PortFacilityStatusTypeCrossRefs",
    "fields": "portFacilityStatusTypeKey,dataProviderKey,providerPortFacilityStatusTypeCd",
    "mandatoryFields": "",
    "uniqueFields": "",
    "cdInitials": "PFCTCR",
    "versionable": "Y",
    "crossRefFields": [
      {
        "apiName": "DataProviders",
        "field": "dataProviderKey"
      },
      {
        "apiName": "PortFacilityStatusType",
        "field": "portFacilityStatusTypeKey"
      }
    ]
  },
  
  {
    "execute": "Y",
    "apiName": "PortFacilityCrossRefs",
    "fields": "portFacilityKey,dataProviderKey,providerPortFacilityId,providerPortFacilityNm,providerCountryNm,providerPortNm,providerPortTerminalNm,providerPortBerthNm",
    "mandatoryFields": "",
    "uniqueFields": "",
    "cdInitials": "PFCR",
    "versionable": "Y",
    "crossRefFields": [
      {
        "apiName": "DataProviders",
        "field": "dataProviderKey"
      },
      {
        "apiName": "PortFacility",
        "field": "portFacilityKey"
      }
    ]
  }
  ,

  {
    "execute": "Y",
    "apiName": "GeologicBasinCrossRefs",
    "fields": "geologicBasinKey,dataProviderKey,providerGeologicBasinNm",
    "mandatoryFields": "",
    "uniqueFields": "",
    "cdInitials": "GBCR",
    "versionable": "Y",
    "crossRefFields": [
      {
        "apiName": "DataProviders",
        "field": "dataProviderKey"
      },
      {
        "apiName": "GeologicBasin",
        "field": "geologicBasinKey"
      }
    ]
  }
  */
]
