[
  /*
  {
    "execute": "Y",
    "apiName": "IntelligenceSourceTypes",
    "fields": "intelligenceSourceTypeCd,intelligenceSourceTypeDesc",
    "mandatoryFields": "intelligenceSourceTypeCd",
    "uniqueFields": "intelligenceSourceTypeCd",
    "cdInitials": "IT"
  },
  {
    "execute": "Y",
    "apiName": "companyRoleTypes",
    "fields": "companyRoleTypeCd,companyRoleTypeDesc",
    "mandatoryFields": "companyRoleTypeCd",
    "uniqueFields": "companyRoleTypeCd",
    "cdInitials": "CRT"
  },
  {
    "execute": "Y",
    "apiName": "dataProviderTypes",
    "fields": "dataProviderTypeCd,dataProviderTypeDesc,externalProviderInd",    
    "defaultValueFields": [
      {
        "field": "externalProviderInd",
        "value": "Y"
      }
    ],
    "mandatoryFields": "dataProviderTypeCd",
    "uniqueFields": "dataProviderTypeCd",
    "cdInitials": "DPT"
  },
 
  {
    "execute": "Y",
    "apiName": "datasetTypes",
    "fields": "datasetTypeCd,datasetTypeDesc",
    "mandatoryFields": "datasetTypeCd",
    "uniqueFields": "datasetTypeCd",
    "cdInitials": "DST"
  },
 
  {
    "execute": "Y",
    "apiName": "geopoliticalEntityTypes",
    "fields": "geopoliticalEntityTypeCd,geopoliticalEntityTypeDesc",
    "mandatoryFields": "geopoliticalEntityTypeCd",
    "uniqueFields": "geopoliticalEntityTypeCd",
    "cdInitials": "GET"
  },
 
  {
    "execute": "Y",
    "apiName": "measureUnitTypes",
    "fields": "measureUnitTypeCd,measureUnitTypeDesc",
    "mandatoryFields": "measureUnitTypeCd",
    "uniqueFields": "measureUnitTypeCd",
    "cdInitials": "MUT"
  },
  {
    "execute": "Y",
    "apiName": "subscriptionStatusTypes",
    "fields": "subscriptionStatusTypeCd,subscriptionStatusTypeDesc",
    "mandatoryFields": "subscriptionStatusTypeCd",
    "uniqueFields": "subscriptionStatusTypeCd",
    "cdInitials": "SST"
  },


  {
    "execute": "Y",
    "apiName": "TradeOrganization",
    "fields": "tradeOrganizationAbbr,tradeOrganizationNm,tradeOrganizationDesc",
    "mandatoryFields": "tradeOrganizationAbbr",
    "uniqueFields": "tradeOrganizationAbbr",
    "cdInitials": "TO"
  },
  {
    "execute": "Y",
    "apiName": "TradeOrganizationMember",
    "fields": "tradeOrganizationKey,countryKey,membershipStartDt,membershipEndDt",
    "mandatoryFields": "",
    "uniqueFields": "",
    "cdInitials": "TOM",
    "versionable": "Y",
    "crossRefFields": [
      {
        "apiName": "TradeOrganization",
        "field": "tradeOrganizationKey"
      },
      {
        "apiName": "GeopoliticalEntities",
        "field": "countryKey"
      }
    ],
    "defaultValueFields": [
      {
        "field": "membershipStartDt",
        "value": "1/1/2019 12:00:00 AM"
      },
      {
        "field": "membershipEndDt",
        "value": "1/1/2020 12:00:00 AM"
      }
    ]
  }
  ,
  {
    "execute": "Y",
    "apiName": "MaterialFamilyClass",
    "fields": "materialFamilyClassCd,materialFamilyClassDesc",
    "mandatoryFields": "materialFamilyClassCd",
    "uniqueFields": "materialFamilyClassCd",
    "cdInitials": "MFC"
  },*/
  {
    "execute": "Y",
    "apiName": "MaterialGroupClass",
    "fields": "materialGroupClassCd,materialGroupClassDesc,materialFamilyClassKey",
    "mandatoryFields": "materialGroupClassCd",
    "uniqueFields": "materialGroupClassCd",
    "cdInitials": "MGC",
    "crossRefFields": [
      {
        "apiName": "MaterialFamilyClass",
        "field": "materialFamilyClassKey"
      }
    ]
  },
  {
    "execute": "Y",
    "apiName": "MaterialProductClass",
    "fields": "materialProductClassCd,materialProductClassDesc,materialGroupClassKey",
    "mandatoryFields": "materialProductClassCd",
    "uniqueFields": "materialProductClassCd",
    "cdInitials": "MPC",
    "crossRefFields": [
      {
        "apiName": "MaterialGroupClass",
        "field": "materialGroupClassKey"
      }
    ]
  }
  /*,
  {
    "execute": "Y",
    "apiName": "MaterialTypeClass",
    "fields": "materialTypeClassCd,materialTypeClassDesc",
    "mandatoryFields": "materialTypeClassCd",
    "uniqueFields": "materialTypeClassCd",
    "cdInitials": "MTC"
  },
  {
    "execute": "Y",
    "apiName": "MaterialTypeAlternateUnit",
    "fields": "materialTypeKey,alternateUomKey,universalVolumeNumeratorFctr,universalVolumeDenominatorFctr,universalVolumeAdditiveFctr,platformVolumeNumeratorFctr,platformVolumeDenominatorFctr,platformVolumeAdditiveFctr,universalFlowRateNumeratorFctr,universalFlowRateDenominatorFctr,universalFlowRateAdditiveFctr,platformFlowRateNumeratorFctr,platformFlowRateDenominatorFctr,platformFlowRateAdditiveFctr",
    "mandatoryFields": "",
    "uniqueFields": "",
    "cdInitials": "MTAU",
    "versionable": "Y",
    "crossRefFields": [
      {
        "apiName": "MaterialType",
        "field": "materialTypeKey"
      },
      {
        "apiName": "MeasureUnits",
        "field": "alternateUomKey"
      }
    ],
    "defaultValueFields": [
      {
        "field": "universalVolumeNumeratorFctr",
        "value": "0"
      },
      {
        "field": "universalVolumeDenominatorFctr",
        "value": "0"
      },
      {
        "field": "universalVolumeAdditiveFctr",
        "value": "0"
      },
      {
        "field": "platformVolumeNumeratorFctr",
        "value": "0"
      },
      {
        "field": "platformVolumeDenominatorFctr",
        "value": "0"
      },
      {
        "field": "platformVolumeAdditiveFctr",
        "value": "0"
      },
      {
        "field": "universalFlowRateNumeratorFctr",
        "value": "0"
      },
      {
        "field": "universalFlowRateDenominatorFctr",
        "value": "0"
      },
      {
        "field": "universalFlowRateAdditiveFctr",
        "value": "0"
      },
      {
        "field": "platformFlowRateNumeratorFctr",
        "value": "0"
      },
      {
        "field": "platformFlowRateDenominatorFctr",
        "value": "0"
      },
      {
        "field": "platformFlowRateAdditiveFctr",
        "value": "0"
      }
    ]
  },
  
  {
    "execute": "Y",
    "apiName": "MaterialType",
    "fields": "materialTypeId,materialFamilyClassKey,materialGroupClassKey,materialProductClassKey,materialTypeClassKey,materialTypeLevelNum,parentMaterialTypeKey,originCountryKey,platformVolumeUomKey,universalVolumeUomKey,platformFlowRateUomKey,universalFlowRateUomKey,materialTypeNm,materialTypeAbbr,materialTypeDesc",
    "mandatoryFields": "",
    "uniqueFields": "",
    "cdInitials": "MTAU",
    "versionable": "N",
    "crossRefFields": [
      {
        "apiName": "MaterialFamilyClass",
        "field": "materialFamilyClassKey"
      },
      {
        "apiName": "MaterialGroupClass",
        "field": "materialGroupClassKey"
      },
      {
        "apiName": "MaterialProductClass",
        "field": "materialProductClassKey"
      },
      {
        "apiName": "MaterialTypeClass",
        "field": "materialTypeClassKey"
      },
      {
        "apiName": "MaterialType",
        "field": "parentMaterialTypeKey"
      },
      {
        "apiName": "GeopoliticalEntities",
        "field": "originCountryKey"
      },
      {
        "apiName": "MeasureUnits",
        "field": "platformVolumeUomKey"
      },
      {
        "apiName": "MeasureUnits",
        "field": "universalVolumeUomKey"
      },
      {
        "apiName": "MeasureUnits",
        "field": "platformFlowRateUomKey"
      },
      {
        "apiName": "MeasureUnits",
        "field": "universalFlowRateUomKey"
      }
    ],
    "defaultValueFields": [
      {
        "field": "materialTypeId",
        "value": "AA"
      },
      {
        "field": "materialTypeLevelNum",
        "value": "1"
      }

    ]
  }
 ,
 
  {
    "execute": "Y",
    "apiName": "HierarchyComponentType",
    "fields": "hierarchyComponentTypeCd,hierarchyComponentTypeDesc",
    "mandatoryFields": "hierarchyComponentTypeCd",
    "uniqueFields": "hierarchyComponentTypeCd",
    "cdInitials": "HCT"
  },
  {
    "execute": "Y",
    "apiName": "Hierarchy",
    "fields": "hierarchyNm,hierarchyDesc,hierarchyTypeKey,hierarchyScopeTypeKey,ownerKey",
    "mandatoryFields": "hierarchyNm",
    "uniqueFields": "hierarchyNm",
    "cdInitials": "H",
    "versionable": "N",
    "crossRefFields": [
      {
        "apiName": "HierarchyType",
        "field": "hierarchyTypeKey"
      },
      {
        "apiName": "HierarchyScopeType",
        "field": "hierarchyScopeTypeKey"
      },
      {
        "apiName": "Person",
        "field": "ownerKey"
      }
    ]
  },
  {
    "execute": "Y",
    "apiName": "HierarchyElementType",
    "fields": "hierarchyElementTypeCd,hierarchyElementTypeDesc",
    "mandatoryFields": "hierarchyElementTypeCd",
    "uniqueFields": "hierarchyElementTypeCd",
    "cdInitials": "HET"
  },
  {
    "execute": "Y",
    "apiName": "HierarchyGroupType",
    "fields": "hierarchyGroupTypeCd,hierarchyGroupTypeDesc",
    "mandatoryFields": "hierarchyGroupTypeCd",
    "uniqueFields": "hierarchyGroupTypeCd",
    "cdInitials": "HGT"
  },
  {
    "execute": "Y",
    "apiName": "HierarchyScopeType",
    "fields": "hierarchyScopeTypeCd,hierarchyScopeTypeDesc",
    "mandatoryFields": "hierarchyScopeTypeCd",
    "uniqueFields": "hierarchyScopeTypeCd",
    "cdInitials": "HST"
  },
  {
    "execute": "Y",
    "apiName": "HierarchyType",
    "fields": "hierarchyTypeCd,hierarchyTypeDesc",
    "mandatoryFields": "hierarchyTypeCd",
    "uniqueFields": "hierarchyTypeCd",
    "cdInitials": "HT"
  }, 
  {
    "execute": "Y",
    "apiName": "HierarchyElement",
    "fields": "hierarchyKey,hierarchyElementNum,hierarchyElementLevelNum,hierarchyElementNm,hierarchyElementTypeKey,hierarchyGroupTypeKey,hierarchyComponentTypeKey,parentElementKey,countrySplitInd,countrySplitPct,geopoliticalEntityKey,portFacilityKey,personKey",
    "mandatoryFields": "",
    "uniqueFields": "",
    "cdInitials": "HE",
    "versionable": "Y",
    "crossRefFields": [
      {
        "apiName": "Hierarchy",
        "field": "hierarchyKey"
      },
      {
        "apiName": "HierarchyElementType",
        "field": "hierarchyElementTypeKey"
      },
      {
        "apiName": "HierarchyGroupType",
        "field": "hierarchyGroupTypeKey"
      },
      {
        "apiName": "HierarchyComponentType",
        "field": "hierarchyComponentTypeKey"
      },
      {
        "apiName": "HierarchyElement",
        "field": "parentElementKey"
      },
      {
        "apiName": "GeopoliticalEntities",
        "field": "geopoliticalEntityKey"
      },
      {
        "apiName": "Person",
        "field": "personKey"
      }
    ],
    "defaultValueFields": [
      {
        "field": "countrySplitInd",
        "value": "Y"
      },
      {
        "field": "portFacilityKey",
        "value": ""
      },

      {
        "field": "hierarchyElementNum",
        "value": "1"
      },

      {
        "field": "hierarchyElementLevelNum",
        "value": "2"
      },

      {
        "field": "countrySplitPct",
        "value": "100"
      }
    ]
  }
  ,

  {
    "execute": "Y",
    "apiName": "PortFacilityType",
    "fields": "portFacilityTypeCd,portFacilityTypeDesc",
    "mandatoryFields": "portFacilityTypeCd",
    "uniqueFields": "portFacilityTypeCd",
    "cdInitials": "PFT"
  },
  {
    "execute": "Y",
    "apiName": "PortFacilityStatusType",
    "fields": "portFacilityStatusTypeCd,portFacilityStatusTypeDesc",
    "mandatoryFields": "portFacilityStatusTypeCd",
    "uniqueFields": "portFacilityStatusTypeCd",
    "cdInitials": "PFST"
  },
  {
    "execute": "Y",
    "apiName": "PortFacility",
    "fields": "portFacilityCd,portFacilityNm,portFacilityDesc,portFacilityTypeKey,portFacilityStatusTypeKey,portFacilityLevelNum,geopoliticalEntityKey,parentPortFacilityKey,latitudeNum,longitudeNum",
    "mandatoryFields": "portFacilityCd",
    "uniqueFields": "portFacilityCd",
    "cdInitials": "PF",
    "crossRefFields": [
      {
        "apiName": "PortFacilityType",
        "field": "portFacilityTypeKey"
      },
      {
        "apiName": "PortFacilityStatusType",
        "field": "portFacilityStatusTypeKey"
      },
      {
        "apiName": "GeopoliticalEntities",
        "field": "geopoliticalEntityKey"
      },
      {
        "apiName": "PortFacility",
        "field": "parentPortFacilityKey"
      }
    ],
    "defaultValueFields": [
      {
        "field": "latitudeNum",
        "value": "23.52"
      },
      {
        "field": "longitudeNum",
        "value": "42.33"
      },

      {
        "field": "portFacilityLevelNum",
        "value": "1"
      }
    ]
  },


  {
    "execute": "Y",
    "apiName": "VersionTypes",
    "fields": "versionTypeCd,versionTypeDesc",
    "mandatoryFields": "versionTypeCd",
    "uniqueFields": "versionTypeCd",
    "cdInitials": "VT"
  }

  ,

  {
    "execute": "Y",
    "apiName": "GeologicBasin",
    "fields": "parentGeologicBasinKey,geologicBasinLevelNum,geologicBasinNm",
    "mandatoryFields": "",
    "uniqueFields": "",
    "cdInitials": "GB",
    "versionable": "N",
    "crossRefFields": [
      {
        "apiName": "GeologicBasin",
        "field": "parentGeologicBasinKey"
      }
    ],
    "defaultValueFields": [
      {
        "field": "geologicBasinLevelNum",
        "value": "1"
      }

    ]
  },
  {
    "execute": "Y",
    "apiName": "ScalingType",
    "fields": "scalingTypeCd,scalingTypeDesc",
    "mandatoryFields": "",
    "uniqueFields": "",
    "cdInitials": "ST",
    "versionable": "N"
  }
  
  ,
  
  
  {
    "execute": "Y",
    "apiName": "PortFacilityCompany",
    "fields": "userKey,datasetKey,intelligenceSourceTypeKey,intelligenceSourcetxt,intelligenceSourceUrl,intelligenceSourceMimeTypeKey,intelligenceSourceImg,versionTypeKey,dataProviderKey,reportDt,portFacilityKey,companyKey,companyRoleTypeKey,startDt,endDt",
    "mandatoryFields": "",
    "uniqueFields": "",
    "cdInitials": "PFC",
    "versionable": "Y",
    "crossRefFields": [
      {
        "apiName": "CompanyRoleTypes",
        "field": "companyRoleTypeKey"
      },
      {
        "apiName": "Companies",
        "field": "companyKey"
      },
      {
        "apiName": "PortFacility",
        "field": "portFacilityKey"
      },
      {
        "apiName": "DataProviders",
        "field": "dataProviderKey"
      },
      {
        "apiName": "VersionTypes",
        "field": "versionTypeKey"
      },
      {
        "apiName": "IntelligenceSourceTypes",
        "field": "intelligenceSourceTypeKey"
      },
      {
        "apiName": "Datasets",
        "field": "datasetKey"
      },
      {
        "apiName": "Person",
        "field": "userKey"
      }
    ],
    "defaultValueFields": [
      {
        "field": "reportDt",
        "value": "1/1/2020 12:00:00 AM"
      },
      {
        "field": "startDt",
        "value": "1/1/2020 12:00:00 AM"
      },
      {
        "field": "endDt",
        "value": "1/1/2020 12:00:00 AM"
      },
      {
        "field": "intelligenceSourceMimeTypeKey",
        "value": ""
      },

      {
        "field": "intelligenceSourceImg",
        "value": ""
      }
    ]
  },

  {
    "execute": "Y",
    "apiName": "PortFacilityExternalId",
    "fields": "portFacilityKey,dataProviderKey,providerPortFacilityId",
    "mandatoryFields": "",
    "uniqueFields": "",
    "cdInitials": "PFEI",
    "crossRefFields": [

      {
        "apiName": "PortFacility",
        "field": "portFacilityKey"
      },
      {
        "apiName": "DataProviders",
        "field": "dataProviderKey"
      }
    ]
  }*/
]
