{
  "capabilities": [
    {
      "browserName": "Chrome",
      "version": "6.0",
      "maxInstances": 1,
      "platform": "ANDROID",
	  "deviceName": "Samsung"
    }
  ],
  "configuration": {
	"cleanUpCycle": "2000",
	"timeout": "30000",
	"proxy": "org.openqa.grid.selenium.proxy.DefaultRemoteProxy",
	"url": "http://192.168.20.40:4724/wd/hub",
	"host": "192.168.20.40",
    "port": "4724",
    "registerCycle": "5000",
    "register": true,
	"maxSession": "1",
	"hubHost": "192.168.20.40",
    "hubPort": "4444"
  }
}