<?xml version="1.0" encoding="utf-8"?>
<soapenv:Envelope xmlns:soapenv="http://schemas.xmlsoap.org/soap/envelope/" xmlns:v1="http://schemas.humana.com/Csh/Services/Entity/PatientDetail/v1.0" xmlns:hum="http://schemas.datacontract.org/2004/07/Humana.Csh.Services.Common.DataContracts" xmlns:hum1="http://schemas.datacontract.org/2004/07/Humana.Csh.Services.PatientDetail.Contracts.DataContracts" xmlns:hum2="http://schemas.datacontract.org/2004/07/Humana.Csh.Services.Common.EnumCollections">
   <soapenv:Header/>
   <soapenv:Body>
      <v1:CheckHealthProgramPageView>
         <!--Optional:-->
         <v1:request>
            <hum:ApplicationKey>%%update_ApplicationKey%%</hum:ApplicationKey>
            <!--Optional:-->
            <hum:UserId>?</hum:UserId>
            <!--Optional:-->
            <hum1:MemberGenKey>%%update_MemberGenKey%%</hum1:MemberGenKey>
            <!--Optional:-->
            <hum1:PageRequestCriteriaList>
               <!--Zero or more repetitions:-->
               <hum2:PageRequestCriteria>%%update_PageRequestCriteria%%</hum2:PageRequestCriteria>
            </hum1:PageRequestCriteriaList>
         </v1:request>
      </v1:CheckHealthProgramPageView>
   </soapenv:Body>
</soapenv:Envelope>