<s:Envelope xmlns:s="http://schemas.xmlsoap.org/soap/envelope/">
   <s:Body>
      <CheckHealthProgramPageViewResponse xmlns="http://schemas.humana.com/Csh/Services/Entity/PatientDetail/v1.0">
         <CheckHealthProgramPageViewResult xmlns:a="http://schemas.datacontract.org/2004/07/Humana.Csh.Services.PatientDetail.Contracts.DataContracts" xmlns:i="http://www.w3.org/2001/XMLSchema-instance">
            <IsSuccess xmlns="http://schemas.datacontract.org/2004/07/Humana.Csh.Services.Common.DataContracts">true</IsSuccess>
            <MessageList xmlns="http://schemas.datacontract.org/2004/07/Humana.Csh.Services.Common.DataContracts">
               <Message>
                  <Code>CSHI017</Code>
                  <Description>Page Eligibility Info Retrieved for Member.</Description>
                  <MessageIdentifier>ELIGIBILITY DATA RETRIEVED</MessageIdentifier>
                  <Source>Clinical ShareHub Services</Source>
                  <Type>Information</Type>
               </Message>
            </MessageList>
            <MethodName xmlns="http://schemas.datacontract.org/2004/07/Humana.Csh.Services.Common.DataContracts">CheckHealthProgramPageView</MethodName>
            <Metrics xmlns="http://schemas.datacontract.org/2004/07/Humana.Csh.Services.Common.DataContracts">
               <DBResponseTime>0</DBResponseTime>
               <Duration>31.2006</Duration>
               <RequestReceivedTime>2020-02-12T00:21:23.9497516-05:00</RequestReceivedTime>
               <ResponseSentTime>2020-02-12T00:21:23.9809522-05:00</ResponseSentTime>
            </Metrics>
            <a:HealthProgramPageList>
               <a:HealthProgramPage>
                  <a:AdditionalInfo>%%AdditionalInfo%%</a:AdditionalInfo>
                  <a:IsAccessible>%%IsAccessible%%</a:IsAccessible>
                  <a:PageRequestCriteria>%%PageRequestCriteria%%</a:PageRequestCriteria>
               </a:HealthProgramPage>
            </a:HealthProgramPageList>
         </CheckHealthProgramPageViewResult>
      </CheckHealthProgramPageViewResponse>
   </s:Body>
</s:Envelope>