[
  {
    "testcase": "1",
    "execute": "Y",
    "inputData": {
      "country": 0,
      "changeByOperation": "string",
      "changeBy": 0,
      "percentageOrAbsolute": "string",
      "isProgessive": true,
      "lockedToBaseline": true,
      "materialProduct": [
        0
      ],
      "materialGroup": [
        0
      ],
      "scaleAssociatedCondensate": true,
      "productionAddEditMonths": [
        {
          "isSelected": true,
          "month": "2021-01-06T18:04:47.201Z",
          "quantity": 0,
          "originalQuantity": 0
        }
      ]
    }
  }

]
