{
  "$schema": "http://json-schema.org/draft-07/schema",
  "$id": "http://example.com/example.json",
  "type": "object",
  "required": [
    "assetKey",
    "assetNm",
    "ownerKey",
    "ownerNm",
    "assetClassKey",
    "assetClassNm",
    "cityKey",
    "cityNm",
    "countryKey",
    "countryNm",
    "unitId",
    "unitCd",
    "maintenanceCapacityAssetUnitList"
  ],
  "properties": {
    "assetKey": {
      "$id": "#/properties/assetKey",
      "type": "integer"
    },
    "assetNm": {
      "$id": "#/properties/assetNm",
      "type": "string"
    },
    "ownerKey": {
      "$id": "#/properties/ownerKey",
      "type": "integer"
    },
    "ownerNm": {
      "$id": "#/properties/ownerNm",
      "type": "string"
    },
    "assetClassKey": {
      "$id": "#/properties/assetClassKey",
      "type": "integer"
    },
    "assetClassNm": {
      "$id": "#/properties/assetClassNm",
      "type": "string"
    },
    "cityKey": {
      "$id": "#/properties/cityKey",
      "type": "integer"
    },
    "cityNm": {
      "$id": "#/properties/cityNm",
      "type": "string"
    },
    "countryKey": {
      "$id": "#/properties/countryKey",
      "type": "integer"
    },
    "countryNm": {
      "$id": "#/properties/countryNm",
      "type": "string"
    },
    "unitId": {
      "$id": "#/properties/unitId",
      "type": "integer"
    },
    "unitCd": {
      "$id": "#/properties/unitCd",
      "type": "string"
    },
    "maintenanceCapacityAssetUnitList": {
      "$id": "#/properties/maintenanceCapacityAssetUnitList",
      "type": "array",
      "items": {
        "anyOf": [
          {
            "$id": "#/properties/maintenanceCapacityAssetUnitList/items/anyOf/0",
            "type": "object",
            "required": [
              "groupMonth",
              "maintenanceCapacityDataLayerList"
            ],
            "properties": {
              "groupMonth": {
                "$id": "#/properties/maintenanceCapacityAssetUnitList/items/anyOf/0/properties/groupMonth",
                "type": "string"
              },
              "maintenanceCapacityDataLayerList": {
                "$id": "#/properties/maintenanceCapacityAssetUnitList/items/anyOf/0/properties/maintenanceCapacityDataLayerList",
                "type": "array",
                "items": {
                  "anyOf": [
                    {
                      "$id": "#/properties/maintenanceCapacityAssetUnitList/items/anyOf/0/properties/maintenanceCapacityDataLayerList/items/anyOf/0",
                      "type": "object",
                      "required": [
                        "dpName",
                        "dpKey",
                        "maintenanceCapacityDataList"
                      ],
                      "properties": {
                        "dpName": {
                          "$id": "#/properties/maintenanceCapacityAssetUnitList/items/anyOf/0/properties/maintenanceCapacityDataLayerList/items/anyOf/0/properties/dpName",
                          "type": "string"
                        },
                        "dpKey": {
                          "$id": "#/properties/maintenanceCapacityAssetUnitList/items/anyOf/0/properties/maintenanceCapacityDataLayerList/items/anyOf/0/properties/dpKey",
                          "type": "integer"
                        },
                        "maintenanceCapacityDataList": {
                          "$id": "#/properties/maintenanceCapacityAssetUnitList/items/anyOf/0/properties/maintenanceCapacityDataLayerList/items/anyOf/0/properties/maintenanceCapacityDataList",
                          "type": "array",
                          "items": {
                            "anyOf": [
                              {
                                "$id": "#/properties/maintenanceCapacityAssetUnitList/items/anyOf/0/properties/maintenanceCapacityDataLayerList/items/anyOf/0/properties/maintenanceCapacityDataList/items/anyOf/0",
                                "type": "object",
                                "required": [
                                  "day",
                                  "dataProviderId",
                                  "dataProviderName",
                                  "versionTypeKey",
                                  "versionTypeName",
                                  "maintenanceQty",
                                  "eventTypeKey",
                                  "eventTypeName",
                                  "assetUnitEventKey"
                                ],
                                "properties": {
                                  "day": {
                                    "$id": "#/properties/maintenanceCapacityAssetUnitList/items/anyOf/0/properties/maintenanceCapacityDataLayerList/items/anyOf/0/properties/maintenanceCapacityDataList/items/anyOf/0/properties/day",
                                    "type": "integer"
                                  },
                                  "dataProviderId": {
                                    "$id": "#/properties/maintenanceCapacityAssetUnitList/items/anyOf/0/properties/maintenanceCapacityDataLayerList/items/anyOf/0/properties/maintenanceCapacityDataList/items/anyOf/0/properties/dataProviderId",
                                    "type": "integer"
                                  },
                                  "dataProviderName": {
                                    "$id": "#/properties/maintenanceCapacityAssetUnitList/items/anyOf/0/properties/maintenanceCapacityDataLayerList/items/anyOf/0/properties/maintenanceCapacityDataList/items/anyOf/0/properties/dataProviderName",
                                    "type": "string"
                                  },
                                  "versionTypeKey": {
                                    "$id": "#/properties/maintenanceCapacityAssetUnitList/items/anyOf/0/properties/maintenanceCapacityDataLayerList/items/anyOf/0/properties/maintenanceCapacityDataList/items/anyOf/0/properties/versionTypeKey",
                                    "type": "integer"
                                  },
                                  "versionTypeName": {
                                    "$id": "#/properties/maintenanceCapacityAssetUnitList/items/anyOf/0/properties/maintenanceCapacityDataLayerList/items/anyOf/0/properties/maintenanceCapacityDataList/items/anyOf/0/properties/versionTypeName",
                                    "type": "string"
                                  },
                                  "maintenanceQty": {
                                    "$id": "#/properties/maintenanceCapacityAssetUnitList/items/anyOf/0/properties/maintenanceCapacityDataLayerList/items/anyOf/0/properties/maintenanceCapacityDataList/items/anyOf/0/properties/maintenanceQty",
                                    "type": "number"
                                  },
                                  "eventTypeKey": {
                                    "$id": "#/properties/maintenanceCapacityAssetUnitList/items/anyOf/0/properties/maintenanceCapacityDataLayerList/items/anyOf/0/properties/maintenanceCapacityDataList/items/anyOf/0/properties/eventTypeKey",
                                    "type": "integer"
                                  },
                                  "eventTypeName": {
                                    "$id": "#/properties/maintenanceCapacityAssetUnitList/items/anyOf/0/properties/maintenanceCapacityDataLayerList/items/anyOf/0/properties/maintenanceCapacityDataList/items/anyOf/0/properties/eventTypeName",
                                    "type": "string"
                                  },
                                  "assetUnitEventKey": {
                                    "$id": "#/properties/maintenanceCapacityAssetUnitList/items/anyOf/0/properties/maintenanceCapacityDataLayerList/items/anyOf/0/properties/maintenanceCapacityDataList/items/anyOf/0/properties/assetUnitEventKey",
                                    "type": "integer"
                                  }
                                }
                              }
                            ],
                            "$id": "#/properties/maintenanceCapacityAssetUnitList/items/anyOf/0/properties/maintenanceCapacityDataLayerList/items/anyOf/0/properties/maintenanceCapacityDataList/items"
                          }
                        }
                      }
                    }
                  ],
                  "$id": "#/properties/maintenanceCapacityAssetUnitList/items/anyOf/0/properties/maintenanceCapacityDataLayerList/items"
                }
              }
            }
          }
        ],
        "$id": "#/properties/maintenanceCapacityAssetUnitList/items"
      }
    }
  }
}