{
  "$schema": "http://json-schema.org/draft-07/schema",
  "$id": "http://example.com/example.json",
  "type": "object",
  "required": [
    "pageNumber",
    "pageSize",
    "totalRows",
    "maintenanceEventDataList"
  ],
  "properties": {
    "pageNumber": {
      "$id": "#/properties/pageNumber",
      "type": "integer"
    },
    "pageSize": {
      "$id": "#/properties/pageSize",
      "type": "integer"
    },
    "totalRows": {
      "$id": "#/properties/totalRows",
      "type": "integer"
    },
    "maintenanceEventDataList": {
      "$id": "#/properties/maintenanceEventDataList",
      "type": "array",
      "items": {
        "$id": "#/properties/maintenanceEventDataList/items",
        "anyOf": [
          {
            "$id": "#/properties/maintenanceEventDataList/items/anyOf/0",
            "type": "object",
            "required": [
              "assetUnitEventKey",
              "updateDate",
              "countryKey",
              "countryNm",
              "cityKey",
              "cityNm",
              "ownerKey",
              "ownerNm",
              "assetClassKey",
              "assetClassDesc",
              "assetKey",
              "asset",
              "unitTypeKey",
              "unitType",
              "unitSubTypeKey",
              "unitSubType",
              "unitKey",
              "unit",
              "offlinePCT",
              "startDate",
              "endDate",
              "eventTypeKey",
              "eventType",
              "eventCauseTypeKey",
              "eventCauseType",
              "dataProviderKey",
              "dataProviderName",
              "totalCapacity",
              "measureUnitCd",
              "measureUnitKey",
              "totalRows"
            ],
            "properties": {
              "assetUnitEventKey": {
                "$id": "#/properties/maintenanceEventDataList/items/anyOf/0/properties/assetUnitEventKey",
                "type": "integer"
              },
              "updateDate": {
                "$id": "#/properties/maintenanceEventDataList/items/anyOf/0/properties/updateDate",
                "type": "string"
              },
              "countryKey": {
                "$id": "#/properties/maintenanceEventDataList/items/anyOf/0/properties/countryKey",
                "type": "integer"
              },
              "countryNm": {
                "$id": "#/properties/maintenanceEventDataList/items/anyOf/0/properties/countryNm",
                "type": "string"
              },
              "cityKey": {
                "$id": "#/properties/maintenanceEventDataList/items/anyOf/0/properties/cityKey",
                "type": "integer"
              },
              "cityNm": {
                "$id": "#/properties/maintenanceEventDataList/items/anyOf/0/properties/cityNm",
                "type": "string"
              },
              "ownerKey": {
                "$id": "#/properties/maintenanceEventDataList/items/anyOf/0/properties/ownerKey",
                "type": "integer"
              },
              "ownerNm": {
                "$id": "#/properties/maintenanceEventDataList/items/anyOf/0/properties/ownerNm",
                "type": "string"
              },
              "assetClassKey": {
                "$id": "#/properties/maintenanceEventDataList/items/anyOf/0/properties/assetClassKey",
                "type": "integer"
              },
              "assetClassDesc": {
                "$id": "#/properties/maintenanceEventDataList/items/anyOf/0/properties/assetClassDesc",
                "type": "string"
              },
              "assetKey": {
                "$id": "#/properties/maintenanceEventDataList/items/anyOf/0/properties/assetKey",
                "type": "integer"
              },
              "asset": {
                "$id": "#/properties/maintenanceEventDataList/items/anyOf/0/properties/asset",
                "type": "string"
              },
              "unitTypeKey": {
                "$id": "#/properties/maintenanceEventDataList/items/anyOf/0/properties/unitTypeKey",
                "type": "integer"
              },
              "unitType": {
                "$id": "#/properties/maintenanceEventDataList/items/anyOf/0/properties/unitType",
                "type": "string"
              },
              "unitSubTypeKey": {
                "$id": "#/properties/maintenanceEventDataList/items/anyOf/0/properties/unitSubTypeKey",
                "type": "integer"
              },
              "unitSubType": {
                "$id": "#/properties/maintenanceEventDataList/items/anyOf/0/properties/unitSubType",
                "type": "string"
              },
              "unitKey": {
                "$id": "#/properties/maintenanceEventDataList/items/anyOf/0/properties/unitKey",
                "type": "integer"
              },
              "unit": {
                "$id": "#/properties/maintenanceEventDataList/items/anyOf/0/properties/unit",
                "type": "string"
              },
              "offlinePCT": {
                "$id": "#/properties/maintenanceEventDataList/items/anyOf/0/properties/offlinePCT",
                "type": "number"
              },
              "startDate": {
                "$id": "#/properties/maintenanceEventDataList/items/anyOf/0/properties/startDate",
                "type": "string"
              },
              "endDate": {
                "$id": "#/properties/maintenanceEventDataList/items/anyOf/0/properties/endDate",
                "type": "string"
              },
              "eventTypeKey": {
                "$id": "#/properties/maintenanceEventDataList/items/anyOf/0/properties/eventTypeKey",
                "type": "integer"
              },
              "eventType": {
                "$id": "#/properties/maintenanceEventDataList/items/anyOf/0/properties/eventType",
                "type": "string"
              },
              "eventCauseTypeKey": {
                "$id": "#/properties/maintenanceEventDataList/items/anyOf/0/properties/eventCauseTypeKey",
                "type": [ "integer", "null" ]
              },
              "eventCauseType": {
                "$id": "#/properties/maintenanceEventDataList/items/anyOf/0/properties/eventCauseType",
                "type": [ "string","null" ]
              },
              "dataProviderKey": {
                "$id": "#/properties/maintenanceEventDataList/items/anyOf/0/properties/dataProviderKey",
                "type": "integer"
              },
              "dataProviderName": {
                "$id": "#/properties/maintenanceEventDataList/items/anyOf/0/properties/dataProviderName",
                "type": "string"
              },
              "totalCapacity": {
                "$id": "#/properties/maintenanceEventDataList/items/anyOf/0/properties/totalCapacity",
                "type": "string"
              },
              "measureUnitCd": {
                "$id": "#/properties/maintenanceEventDataList/items/anyOf/0/properties/measureUnitCd",
                "type": "string"
              },
              "measureUnitKey": {
                "$id": "#/properties/maintenanceEventDataList/items/anyOf/0/properties/measureUnitKey",
                "type": "integer"
              },
              "totalRows": {
                "$id": "#/properties/maintenanceEventDataList/items/anyOf/0/properties/totalRows",
                "type": "integer"
              }
            }
          }
        ]
      }
    }
  }
}