{
    "Browsers": {
        "Browser": "Chrome",
        "DriverPath": "C:\\Apps\\Geneva_Automation\\TestingFramework_UI_API\\GenevaUICommonUtils\\Driver\\"
    },

    "DevUrl": {
        "ACM": "https://sww-genevaacmdev.shell.com",
        "Supply": "https://sww-genevaacmtst.shell.com:8094/dashboard/globalSupplyDatabase/supply/supplyMain"
    },

    "DevConnectionStrings": {
        "GenevaacmSqlDbConn": "Server=genevaacmdbsvrfordev.database.windows.net;Database=mid_sandbox;User Id=geneva_app_user;Password=password$$2019;MultipleActiveResultSets=true;",
        "GenevaSupplySqlDbConn": "Server=genevaacmdbsvrtst.database.windows.net;Database=MID_TEST;User Id=ALTERYX_USER;Password=Shell@y0u;MultipleActiveResultSets=true;"
    }, 

  "Credentials": {
    "UserName": "DEVOPS-AP-NONPROD-S",
    "Password": "ol47q7AzIKwtW7U",
    "Domain": "asia-pac.shell.com"  }
  
} 