{
  "$schema": "http://json-schema.org/draft-07/schema",
  "$id": "http://example.com/example.json",
  "type": "array",
  "items": {
    "anyOf": [
      {
        "$id": "#/items/anyOf/0",
        "type": "object",
        "required": [
          "id",
          "deleteInd",
          "metaQualityCd",
          "metaActionCd",
          "metaCreatedDttm",
          "metaCreatorNm",
          "metaChangedDttm",
          "metaChangedByNm",
          "recordEntryDttm",
          "userKey",
          "intelligenceSourceTxt",
          "intelligenceSourceUrl",
          "versionEffectiveDt",
          "versionTerminationDt",
          "versionActiveInd",
          "versionTypeKey",
          "dataProviderKey",
          "dataProviderNm",
          "assetUnitCapacityKey",
          "capacityStartDt",
          "capacityEndDt",
          "planningStatusTypeKey",
          "planningStatusTypeCd",
          "planningPrecisionTypeKey",
          "planningPrecisionTypeCd",
          "planningProbabilityTypeKey",
          "planningProbabilityTypeCd",
          "capacityOriginalUomKey",
          "capacityOriginalUomCd",
          "capacityUniversalUomKey",
          "capacityUniversalUomCd",
          "capacityPlatformUomKey",
          "capacityPlatformUomCd",
          "capacityOriginalQty",
          "capacityUniversalQty",
          "capacityPlatformQty",
          "capacityBasisTypeKey",
          "capacityBasisTypeCd",
          "capacityBasisTypeDesc",
          "autoCalculated"
        ],
        "properties": {
          "id": {
            "$id": "#/items/anyOf/0/properties/id",
            "type": "integer"
          },
          "deleteInd": {
            "$id": "#/items/anyOf/0/properties/deleteInd",
            "type": "string"
          },
          "metaQualityCd": {
            "$id": "#/items/anyOf/0/properties/metaQualityCd",
            "type": "string"
          },
          "metaActionCd": {
            "$id": "#/items/anyOf/0/properties/metaActionCd",
            "type": "string"
          },
          "metaCreatedDttm": {
            "$id": "#/items/anyOf/0/properties/metaCreatedDttm",
            "type": "string"
          },
          "metaCreatorNm": {
            "$id": "#/items/anyOf/0/properties/metaCreatorNm",
            "type": "string"
          },
          "metaChangedDttm": {
            "$id": "#/items/anyOf/0/properties/metaChangedDttm",
            "type": "string"
          },
          "metaChangedByNm": {
            "$id": "#/items/anyOf/0/properties/metaChangedByNm",
            "type": "string"
          },
          "recordEntryDttm": {
            "$id": "#/items/anyOf/0/properties/recordEntryDttm",
            "type": "string"
          },
          "userKey": {
            "$id": "#/items/anyOf/0/properties/userKey",
            "type": ["integer","null"]
          },
          "intelligenceSourceTxt": {
            "$id": "#/items/anyOf/0/properties/intelligenceSourceTxt",
            "type": ["string","null"]
          },
          "intelligenceSourceUrl": {
            "$id": "#/items/anyOf/0/properties/intelligenceSourceUrl",
            "type": ["string","null"]
          },
          "versionEffectiveDt": {
            "$id": "#/items/anyOf/0/properties/versionEffectiveDt",
            "type": "string"
          },
          "versionTerminationDt": {
            "$id": "#/items/anyOf/0/properties/versionTerminationDt",
            "type": "string"
          },
          "versionActiveInd": {
            "$id": "#/items/anyOf/0/properties/versionActiveInd",
            "type": "string"
          },
          "versionTypeKey": {
            "$id": "#/items/anyOf/0/properties/versionTypeKey",
            "type": "integer"
          },
          "dataProviderKey": {
            "$id": "#/items/anyOf/0/properties/dataProviderKey",
            "type": "integer"
          },
          "dataProviderNm": {
            "$id": "#/items/anyOf/0/properties/dataProviderNm",
            "type": "string"
          },
          "assetUnitCapacityKey": {
            "$id": "#/items/anyOf/0/properties/assetUnitCapacityKey",
            "type": "integer"
          },
          "capacityStartDt": {
            "$id": "#/items/anyOf/0/properties/capacityStartDt",
            "type": "string"
          },
          "capacityEndDt": {
            "$id": "#/items/anyOf/0/properties/capacityEndDt",
            "type": "string"
          },
          "planningStatusTypeKey": {
            "$id": "#/items/anyOf/0/properties/planningStatusTypeKey",
            "type": "integer"
          },
          "planningStatusTypeCd": {
            "$id": "#/items/anyOf/0/properties/planningStatusTypeCd",
            "type": "string"
          },
          "planningPrecisionTypeKey": {
            "$id": "#/items/anyOf/0/properties/planningPrecisionTypeKey",
            "type": ["integer","null"]
          },
          "planningPrecisionTypeCd": {
            "$id": "#/items/anyOf/0/properties/planningPrecisionTypeCd",
            "type": "null"
          },
          "planningProbabilityTypeKey": {
            "$id": "#/items/anyOf/0/properties/planningProbabilityTypeKey",
            "type": "integer"
          },
          "planningProbabilityTypeCd": {
            "$id": "#/items/anyOf/0/properties/planningProbabilityTypeCd",
            "type": "string"
          },
          "capacityOriginalUomKey": {
            "$id": "#/items/anyOf/0/properties/capacityOriginalUomKey",
            "type": ["integer", "null"]
          },
          "capacityOriginalUomCd": {
            "$id": "#/items/anyOf/0/properties/capacityOriginalUomCd",
            "type": ["string", "null"]
          },
          "capacityUniversalUomKey": {
            "$id": "#/items/anyOf/0/properties/capacityUniversalUomKey",
            "type": "integer"
          },
          "capacityUniversalUomCd": {
            "$id": "#/items/anyOf/0/properties/capacityUniversalUomCd",
            "type": "string"
          },
          "capacityPlatformUomKey": {
            "$id": "#/items/anyOf/0/properties/capacityPlatformUomKey",
            "type": ["integer", "null"]
          },
          "capacityPlatformUomCd": {
            "$id": "#/items/anyOf/0/properties/capacityPlatformUomCd",
            "type": ["string", "null"]
          },
          "capacityOriginalQty": {
            "$id": "#/items/anyOf/0/properties/capacityOriginalQty",
            "type": ["number","null"]
          },
          "capacityUniversalQty": {
            "$id": "#/items/anyOf/0/properties/capacityUniversalQty",
            "type": "number"
          },
          "capacityPlatformQty": {
            "$id": "#/items/anyOf/0/properties/capacityPlatformQty",
            "type": ["number","null"]
          },
          "capacityBasisTypeKey": {
            "$id": "#/items/anyOf/0/properties/capacityBasisTypeKey",
            "type": "integer"
          },
          "capacityBasisTypeCd": {
            "$id": "#/items/anyOf/0/properties/capacityBasisTypeCd",
            "type": "string"
          },


          "capacityBasisTypeDesc": {
            "$id": "#/items/anyOf/0/properties/capacityBasisTypeDesc",
            "type": ["string", "null"]
          },
          "autoCalculated": {
            "$id": "#/items/anyOf/0/properties/autoCalculated",
            "type": "boolean"
          }
        }
      }
    ],
    "$id": "#/items"
  }
}