{
  "$schema": "http://json-schema.org/draft-07/schema",
  "$id": "http://example.com/example.json",
  "type": "array",
  "items": {
    "anyOf": [
      {
        "$id": "#/items/anyOf/0",
        "type": "object",
        "required": [
          "capacityStartDate",
          "versionEffectiveDate",
          "planningProbabilityTypeDesc",
          "capacityBasisTypeDesc",
          "capacityUniversalQty",
          "measureUnitCd",
          "dataProviderAbbr",
          "planningStatusTypeDesc",
          "intelligenceComment",
          "intelligenceUri",
          "updatedBy"
        ],
        "properties": {
          "capacityStartDate": {
            "$id": "#/items/anyOf/0/properties/capacityStartDate",
            "type": "string"
          },
          "versionEffectiveDate": {
            "$id": "#/items/anyOf/0/properties/versionEffectiveDate",
            "type": "string"
          },
          "planningProbabilityTypeDesc": {
            "$id": "#/items/anyOf/0/properties/planningProbabilityTypeDesc",
            "type": [ "string", "null" ]
          },
          "capacityBasisTypeDesc": {
            "$id": "#/items/anyOf/0/properties/capacityBasisTypeDesc",
            "type": [ "string", "null" ]
          },
          "capacityUniversalQty": {
            "$id": "#/items/anyOf/0/properties/capacityUniversalQty",
            "type": "number"
          },
          "measureUnitCd": {
            "$id": "#/items/anyOf/0/properties/measureUnitCd",
            "type": "string"
          },
          "dataProviderAbbr": {
            "$id": "#/items/anyOf/0/properties/dataProviderAbbr",
            "type": [ "string", "null" ]
          },
          "planningStatusTypeDesc": {
            "$id": "#/items/anyOf/0/properties/planningStatusTypeDesc",
            "type": [ "string", "null" ]
          },
          "intelligenceComment": {
            "$id": "#/items/anyOf/0/properties/intelligenceComment",
            "type": [ "string", "null" ]
          },
          "intelligenceUri": {
            "$id": "#/items/anyOf/0/properties/intelligenceUri",
            "type": [ "string", "null" ]
          },
          "updatedBy": {
            "$id": "#/items/anyOf/0/properties/updatedBy",
            "type": [ "string", "null" ]
          }
        }
      }
    ],
    "$id": "#/items"
  }
}