{
  "$schema": "http://json-schema.org/draft-07/schema",
  "$id": "http://example.com/example.json",
  "type": "array",
  "default": [],
  "additionalItems": true,
  "items": {
    "$id": "#/items",
    "anyOf": [
      {
        "$id": "#/items/anyOf/0",
        "type": "object",
        "default": {},
        "required": [
          "id",
          "assetUnitEventKey",
          "versionEffectiveDate",
          "offlineCapacityPct",
          "measureUnitCd",
          "measureUnitKey",
          "eventStartDate",
          "eventEndDate",
          "eventType",
          "eventTypeKey",
          "eventCauseType",
          "eventCauseTypeKey",
          "dataProvider",
          "dataProviderKey",
          "intelligenceSourceUrl",
          "comment",
          "eventLockInd",
          "updatedBy",
          "createdBy"
        ],
        "properties": {
          "id": {
            "$id": "#/items/anyOf/0/properties/id",
            "type": "integer"
          },
          "assetUnitEventKey": {
            "$id": "#/items/anyOf/0/properties/assetUnitEventKey",
            "type": "integer"
          },
          "versionEffectiveDate": {
            "$id": "#/items/anyOf/0/properties/versionEffectiveDate",
            "type": "string"
          },
          "offlineCapacityPct": {
            "$id": "#/items/anyOf/0/properties/offlineCapacityPct",
            "type": "number"
          },
          "measureUnitCd": {
            "$id": "#/items/anyOf/0/properties/measureUnitCd",
            "type": ["string","null"]
          },
          "measureUnitKey": {
            "$id": "#/items/anyOf/0/properties/measureUnitKey",
            "type": "integer"
          },
          "eventStartDate": {
            "$id": "#/items/anyOf/0/properties/eventStartDate",
            "type": "string"
          },
          "eventEndDate": {
            "$id": "#/items/anyOf/0/properties/eventEndDate",
            "type": "string"
          },
          "eventType": {
            "$id": "#/items/anyOf/0/properties/eventType",
            "type": "string"
          },
          "eventTypeKey": {
            "$id": "#/items/anyOf/0/properties/eventTypeKey",
            "type": "integer"
          },
          "eventCauseType": {
            "$id": "#/items/anyOf/0/properties/eventCauseType",
            "type": [ "string", "null" ]
          },
          "eventCauseTypeKey": {
            "$id": "#/items/anyOf/0/properties/eventCauseTypeKey",
            "type": "integer"
          },
          "dataProvider": {
            "$id": "#/items/anyOf/0/properties/dataProvider",
            "type": [ "string", "null" ]
          },
          "dataProviderKey": {
            "$id": "#/items/anyOf/0/properties/dataProviderKey",
            "type": "string"
          },
          "intelligenceSourceUrl": {
            "$id": "#/items/anyOf/0/properties/intelligenceSourceUrl",
            "type": [ "string", "null" ]
          },
          "comment": {
            "$id": "#/items/anyOf/0/properties/comments",
            "type": [ "string", "null" ]
          },
          "eventLockInd": {
            "$id": "#/items/anyOf/0/properties/eventLockInd",
            "type": "boolean"
          },
          "updatedBy": {
            "$id": "#/items/anyOf/0/properties/updatedBy",
            "type": [ "string", "null" ]
          },
          "createdBy": {
            "$id": "#/items/anyOf/0/properties/createdBy",
            "type": [ "string", "null" ]
          }
        },
        "additionalProperties": true
      }
    ]
  }
}