{
  "$schema": "http://json-schema.org/draft-07/schema",
  "$id": "http://example.com/example.json",
  "type": "array",
  "items": {
    "$id": "#/items",
    "anyOf": [
      {
        "$id": "#/items/anyOf/0",
        "type": "object",
        "required": [
          "isGroupRecord",
          "childEvents",
          "versionEffectiveDate",
          "offlineCapacityPct",
          "eventStartDt",
          "eventEndDt",
          "eventType",
          "eventTypeKey",
          "eventCauseType",
          "eventCauseTypeKey",
          "assetUnitNm",
          "assetUnitKey",
          "dataProvider",
          "dataProviderKey",
          "assetUnitEventKey",
          "assetUnitEventVerKey",
          "intelligenceSourceUrl",
          "comment",
          "eventLockInd",
          "totalCapacity",
          "measureUnitCd",
          "measureUnitKey"
        ],
        "properties": {
          "isGroupRecord": {
            "$id": "#/items/anyOf/0/properties/isGroupRecord",
            "type": "boolean"
          },
          "childEvents": {
            "$id": "#/items/anyOf/0/properties/childEvents",
            "type": "array",
            "items": {
              "$id": "#/items/anyOf/0/properties/childEvents/items",
              "anyOf": [
                {
                  "$id": "#/items/anyOf/0/properties/childEvents/items/anyOf/0",
                  "type": "object",
                  "required": [
                    "isGroupRecord",
                    "childEvents",
                    "versionEffectiveDate",
                    "offlineCapacityPct",
                    "eventStartDt",
                    "eventEndDt",
                    "eventType",
                    "eventTypeKey",
                    "eventCauseType",
                    "eventCauseTypeKey",
                    "assetUnitNm",
                    "assetUnitKey",
                    "dataProvider",
                    "dataProviderKey",
                    "assetUnitEventKey",
                    "assetUnitEventVerKey",
                    "intelligenceSourceUrl",
                    "comment",
                    "eventLockInd",
                    "totalCapacity",
                    "measureUnitCd",
                    "measureUnitKey"
                  ],
                  "properties": {
                    "isGroupRecord": {
                      "$id": "#/items/anyOf/0/properties/childEvents/items/anyOf/0/properties/isGroupRecord",
                      "type": "boolean"
                    },
                    "childEvents": {
                      "$id": "#/items/anyOf/0/properties/childEvents/items/anyOf/0/properties/childEvents",
                      "type": "null"
                    },
                    "versionEffectiveDate": {
                      "$id": "#/items/anyOf/0/properties/childEvents/items/anyOf/0/properties/versionEffectiveDate",
                      "type": "string"
                    },
                    "offlineCapacityPct": {
                      "$id": "#/items/anyOf/0/properties/childEvents/items/anyOf/0/properties/offlineCapacityPct",
                      "type": "integer"
                    },
                    "eventStartDt": {
                      "$id": "#/items/anyOf/0/properties/childEvents/items/anyOf/0/properties/eventStartDt",
                      "type": "string"
                    },
                    "eventEndDt": {
                      "$id": "#/items/anyOf/0/properties/childEvents/items/anyOf/0/properties/eventEndDt",
                      "type": "string"
                    },
                    "eventType": {
                      "$id": "#/items/anyOf/0/properties/childEvents/items/anyOf/0/properties/eventType",
                      "type": "string"
                    },
                    "eventTypeKey": {
                      "$id": "#/items/anyOf/0/properties/childEvents/items/anyOf/0/properties/eventTypeKey",
                      "type": "integer"
                    },
                    "eventCauseType": {
                      "$id": "#/items/anyOf/0/properties/childEvents/items/anyOf/0/properties/eventCauseType",
                      "type": [ "null", "string" ]
                    },
                    "eventCauseTypeKey": {
                      "$id": "#/items/anyOf/0/properties/childEvents/items/anyOf/0/properties/eventCauseTypeKey",
                      "type": "integer"
                    },
                    "assetUnitNm": {
                      "$id": "#/items/anyOf/0/properties/childEvents/items/anyOf/0/properties/assetUnitNm",
                      "type": "string"
                    },
                    "assetUnitKey": {
                      "$id": "#/items/anyOf/0/properties/childEvents/items/anyOf/0/properties/assetUnitKey",
                      "type": "integer"
                    },
                    "dataProvider": {
                      "$id": "#/items/anyOf/0/properties/childEvents/items/anyOf/0/properties/dataProvider",
                      "type": "string"
                    },
                    "dataProviderKey": {
                      "$id": "#/items/anyOf/0/properties/childEvents/items/anyOf/0/properties/dataProviderKey",
                      "type": "integer"
                    },
                    "assetUnitEventKey": {
                      "$id": "#/items/anyOf/0/properties/childEvents/items/anyOf/0/properties/assetUnitEventKey",
                      "type": "integer"
                    },
                    "assetUnitEventVerKey": {
                      "$id": "#/items/anyOf/0/properties/childEvents/items/anyOf/0/properties/assetUnitEventVerKey",
                      "type": "integer"
                    },
                    "intelligenceSourceUrl": {
                      "$id": "#/items/anyOf/0/properties/childEvents/items/anyOf/0/properties/intelligenceSourceUrl",
                      "type": [ "null", "string" ]
                    },
                    "comment": {
                      "$id": "#/items/anyOf/0/properties/childEvents/items/anyOf/0/properties/comment",
                      "type": [ "null", "string" ]
                    },
                    "eventLockInd": {
                      "$id": "#/items/anyOf/0/properties/childEvents/items/anyOf/0/properties/eventLockInd",
                      "type": "boolean"
                    },
                    "totalCapacity": {
                      "$id": "#/items/anyOf/0/properties/childEvents/items/anyOf/0/properties/totalCapacity",
                      "type": "string"
                    },
                    "measureUnitCd": {
                      "$id": "#/items/anyOf/0/properties/childEvents/items/anyOf/0/properties/measureUnitCd",
                      "type": "string"
                    },
                    "measureUnitKey": {
                      "$id": "#/items/anyOf/0/properties/childEvents/items/anyOf/0/properties/measureUnitKey",
                      "type": "integer"
                    }
                  }
                }
              ]
            }
          },
          "versionEffectiveDate": {
            "$id": "#/items/anyOf/0/properties/versionEffectiveDate",
            "type": "string"
          },
          "offlineCapacityPct": {
            "$id": "#/items/anyOf/0/properties/offlineCapacityPct",
            "type": "integer"
          },
          "eventStartDt": {
            "$id": "#/items/anyOf/0/properties/eventStartDt",
            "type": "string"
          },
          "eventEndDt": {
            "$id": "#/items/anyOf/0/properties/eventEndDt",
            "type": "string"
          },
          "eventType": {
            "$id": "#/items/anyOf/0/properties/eventType",
            "type": "string"
          },
          "eventTypeKey": {
            "$id": "#/items/anyOf/0/properties/eventTypeKey",
            "type": "integer"
          },
          "eventCauseType": {
            "$id": "#/items/anyOf/0/properties/eventCauseType",
            "type": "null"
          },
          "eventCauseTypeKey": {
            "$id": "#/items/anyOf/0/properties/eventCauseTypeKey",
            "type": "integer"
          },
          "assetUnitNm": {
            "$id": "#/items/anyOf/0/properties/assetUnitNm",
            "type": "string"
          },
          "assetUnitKey": {
            "$id": "#/items/anyOf/0/properties/assetUnitKey",
            "type": "integer"
          },
          "dataProvider": {
            "$id": "#/items/anyOf/0/properties/dataProvider",
            "type": "string"
          },
          "dataProviderKey": {
            "$id": "#/items/anyOf/0/properties/dataProviderKey",
            "type": "integer"
          },
          "assetUnitEventKey": {
            "$id": "#/items/anyOf/0/properties/assetUnitEventKey",
            "type": "integer"
          },
          "assetUnitEventVerKey": {
            "$id": "#/items/anyOf/0/properties/assetUnitEventVerKey",
            "type": "integer"
          },
          "intelligenceSourceUrl": {
            "$id": "#/items/anyOf/0/properties/intelligenceSourceUrl",
            "type": "string"
          },
          "comment": {
            "$id": "#/items/anyOf/0/properties/comment",
            "type": "string"
          },
          "eventLockInd": {
            "$id": "#/items/anyOf/0/properties/eventLockInd",
            "type": "boolean"
          },
          "totalCapacity": {
            "$id": "#/items/anyOf/0/properties/totalCapacity",
            "type": "string"
          },
          "measureUnitCd": {
            "$id": "#/items/anyOf/0/properties/measureUnitCd",
            "type": "string"
          },
          "measureUnitKey": {
            "$id": "#/items/anyOf/0/properties/measureUnitKey",
            "type": "integer"
          }
        }
      }
    ]
  }
}