{
  "$schema": "http://json-schema.org/draft-07/schema",
  "$id": "http://example.com/example.json",
  "type": "object",
  "required": [
    "totalCapacity",
    "measureUnitCd",
    "measureUnitKey"
  ],
  "properties": {
    "totalCapacity": {
      "$id": "#/properties/totalCapacity",
      "type": "number"
    },
    "measureUnitCd": {
      "$id": "#/properties/measureUnitCd",
      "type": "string"
    },
    "measureUnitKey": {
      "$id": "#/properties/measureUnitKey",
      "type": "integer"
    }
  }
}