{
  "$schema": "http://json-schema.org/draft-07/schema",
  "$id": "http://example.com/example.json",
  "type": "array",
  "items": {
    "anyOf": [
      {
        "$id": "#/items/anyOf/0",
        "type": "object",
        "required": [
          "id",
          "deleteInd",
          "metaQualityCd",
          "metaActionCd",
          "metaCreatedDttm",
          "metaCreatorNm",
          "metaChangedDttm",
          "metaChangedByNm",
          "recordEntryDttm",
          "assetEventTypeCd",
          "assetEventTypeDesc",
          "eventRedZoneDays"
        ],
        "properties": {
          "id": {
            "$id": "#/items/anyOf/0/properties/id",
            "type": "integer"
          },
          "deleteInd": {
            "$id": "#/items/anyOf/0/properties/deleteInd",
            "type": "string"
          },
          "metaQualityCd": {
            "$id": "#/items/anyOf/0/properties/metaQualityCd",
            "type": "string"
          },
          "metaActionCd": {
            "$id": "#/items/anyOf/0/properties/metaActionCd",
            "type": "string"
          },
          "metaCreatedDttm": {
            "$id": "#/items/anyOf/0/properties/metaCreatedDttm",
            "type": "string"
          },
          "metaCreatorNm": {
            "$id": "#/items/anyOf/0/properties/metaCreatorNm",
            "type": "string"
          },
          "metaChangedDttm": {
            "$id": "#/items/anyOf/0/properties/metaChangedDttm",
            "type": "string"
          },
          "metaChangedByNm": {
            "$id": "#/items/anyOf/0/properties/metaChangedByNm",
            "type": "string"
          },
          "recordEntryDttm": {
            "$id": "#/items/anyOf/0/properties/recordEntryDttm",
            "type": "string"
          },
          "assetEventTypeCd": {
            "$id": "#/items/anyOf/0/properties/assetEventTypeCd",
            "type": "string"
          },
          "assetEventTypeDesc": {
            "$id": "#/items/anyOf/0/properties/assetEventTypeDesc",
            "type": ["string","null"]
          },
          "eventRedZoneDays": {
            "$id": "#/items/anyOf/0/properties/eventRedZoneDays",
            "type": ["integer","null"]
          }
        }
      }
    ],
    "$id": "#/items"
  }
}