{
  "$schema": "http://json-schema.org/draft-07/schema",
  "$id": "http://example.com/example.json",
  "type": "array",
  "items": {
    "anyOf": [
      {
        "$id": "#/items/anyOf/0",
        "type": "object",
        "required": [
          "assetConfigurationTypeKey",
          "assetConfigurationTypeDesc",
          "assetConfigurationTypeCd",
          "providerAssetConfigurationTypeCd",
          "id",
          "deleteInd",
          "metaQualityCd",
          "metaActionCd",
          "metaCreatedDttm",
          "metaCreatorNm",
          "metaChangedDttm",
          "metaChangedByNm",
          "recordEntryDttm",
          "versionEffectiveDt",
          "versionTerminationDt",
          "versionActiveInd",
          "dataProviderKey",
          "dataProviderAbbr"
        ],
        "properties": {
          "assetConfigurationTypeKey": {
            "$id": "#/items/anyOf/0/properties/assetConfigurationTypeKey",
            "type": "integer"
          },
          "assetConfigurationTypeDesc": {
            "$id": "#/items/anyOf/0/properties/assetConfigurationTypeDesc",
            "type": [ "string", "null" ]
          },
          "assetConfigurationTypeCd": {
            "$id": "#/items/anyOf/0/properties/assetConfigurationTypeCd",
            "type": "string"
          },
          "providerAssetConfigurationTypeCd": {
            "$id": "#/items/anyOf/0/properties/providerAssetConfigurationTypeCd",
            "type": [ "string", "null" ]
          },
          "id": {
            "$id": "#/items/anyOf/0/properties/id",
            "type": "integer"
          },
          "deleteInd": {
            "$id": "#/items/anyOf/0/properties/deleteInd",
            "type": "string"
          },
          "metaQualityCd": {
            "$id": "#/items/anyOf/0/properties/metaQualityCd",
            "type": "string"
          },
          "metaActionCd": {
            "$id": "#/items/anyOf/0/properties/metaActionCd",
            "type": "string"
          },
          "metaCreatedDttm": {
            "$id": "#/items/anyOf/0/properties/metaCreatedDttm",
            "type": "string"
          },
          "metaCreatorNm": {
            "$id": "#/items/anyOf/0/properties/metaCreatorNm",
            "type": "string"
          },
          "metaChangedDttm": {
            "$id": "#/items/anyOf/0/properties/metaChangedDttm",
            "type": "string"
          },
          "metaChangedByNm": {
            "$id": "#/items/anyOf/0/properties/metaChangedByNm",
            "type": "string"
          },
          "recordEntryDttm": {
            "$id": "#/items/anyOf/0/properties/recordEntryDttm",
            "type": "string"
          },
          "versionEffectiveDt": {
            "$id": "#/items/anyOf/0/properties/versionEffectiveDt",
            "type": "string"
          },
          "versionTerminationDt": {
            "$id": "#/items/anyOf/0/properties/versionTerminationDt",
            "type": "string"
          },
          "versionActiveInd": {
            "$id": "#/items/anyOf/0/properties/versionActiveInd",
            "type": "string"
          },
          "dataProviderKey": {
            "$id": "#/items/anyOf/0/properties/dataProviderKey",
            "type": [ "integer", "null" ]
          },
          "dataProviderAbbr": {
            "$id": "#/items/anyOf/0/properties/dataProviderAbbr",
            "type": [ "string", "null" ]
          }
        }
      }
    ],
    "$id": "#/items"
  }
}