{
  "$schema": "http://json-schema.org/draft-07/schema",
  "$id": "http://example.com/example.json",
  "type": "array",
  "items": {
    "anyOf": [
      {
        "$id": "#/items/anyOf/0",
        "type": "object",
        "required": [
          "assetKey",
          "assetNm",
          "assetUnitKey",
          "assetUnitNm",
          "allAssetUnitsInd",
          "providerAssetId",
          "providerAssetNm",
          "providerCityNm",
          "providerOwnerNm",
          "providerAssetUnitId",
          "providerAssetUnitNm",
          "providerAssetUnitTypeCd",
          "providerAssetCapacityQty",
          "id",
          "deleteInd",
          "metaQualityCd",
          "metaActionCd",
          "metaCreatedDttm",
          "metaCreatorNm",
          "metaChangedDttm",
          "metaChangedByNm",
          "recordEntryDttm",
          "versionEffectiveDt",
          "versionTerminationDt",
          "versionActiveInd",
          "dataProviderKey",
          "dataProviderAbbr"
        ],
        "properties": {
          "assetKey": {
            "$id": "#/items/anyOf/0/properties/assetKey",
            "type": "integer"
          },
          "assetNm": {
            "$id": "#/items/anyOf/0/properties/assetNm",
            "type": "string"
          },
          "assetUnitKey": {
            "$id": "#/items/anyOf/0/properties/assetUnitKey",
            "type": "integer"
          },
          "assetUnitNm": {
            "$id": "#/items/anyOf/0/properties/assetUnitNm",
            "type": [ "string", "null" ]
          },
          "allAssetUnitsInd": {
            "$id": "#/items/anyOf/0/properties/allAssetUnitsInd",
            "type": [ "string", "null" ]
          },
          "providerAssetId": {
            "$id": "#/items/anyOf/0/properties/providerAssetId",
            "type": [ "string", "null" ]
          },
          "providerAssetNm": {
            "$id": "#/items/anyOf/0/properties/providerAssetNm",
            "type": [ "string", "null" ]
          },
          "providerCityNm": {
            "$id": "#/items/anyOf/0/properties/providerCityNm",
            "type": [ "string", "null" ]
          },
          "providerOwnerNm": {
            "$id": "#/items/anyOf/0/properties/providerOwnerNm",
            "type": [ "string", "null" ]
          },
          "providerAssetUnitId": {
            "$id": "#/items/anyOf/0/properties/providerAssetUnitId",
            "type": [ "string", "null" ]
          },
          "providerAssetUnitNm": {
            "$id": "#/items/anyOf/0/properties/providerAssetUnitNm",
            "type": [ "string", "null" ]
          },
          "providerAssetUnitTypeCd": {
            "$id": "#/items/anyOf/0/properties/providerAssetUnitTypeCd",
            "type": [ "string", "null" ]
          },
          "providerAssetCapacityQty": {
            "$id": "#/items/anyOf/0/properties/providerAssetCapacityQty",
            "type": [ "number", "null" ]
          },
          "id": {
            "$id": "#/items/anyOf/0/properties/id",
            "type": "integer"
          },
          "deleteInd": {
            "$id": "#/items/anyOf/0/properties/deleteInd",
            "type": "string"
          },
          "metaQualityCd": {
            "$id": "#/items/anyOf/0/properties/metaQualityCd",
            "type": "string"
          },
          "metaActionCd": {
            "$id": "#/items/anyOf/0/properties/metaActionCd",
            "type": "string"
          },
          "metaCreatedDttm": {
            "$id": "#/items/anyOf/0/properties/metaCreatedDttm",
            "type": ["string","null"]
          },
          "metaCreatorNm": {
            "$id": "#/items/anyOf/0/properties/metaCreatorNm",
            "type": [ "string", "null" ]
          },
          "metaChangedDttm": {
            "$id": "#/items/anyOf/0/properties/metaChangedDttm",
            "type": "string"
          },
          "metaChangedByNm": {
            "$id": "#/items/anyOf/0/properties/metaChangedByNm",
            "type": "string"
          },
          "recordEntryDttm": {
            "$id": "#/items/anyOf/0/properties/recordEntryDttm",
            "type": "string"
          },
          "versionEffectiveDt": {
            "$id": "#/items/anyOf/0/properties/versionEffectiveDt",
            "type": "string"
          },
          "versionTerminationDt": {
            "$id": "#/items/anyOf/0/properties/versionTerminationDt",
            "type": "string"
          },
          "versionActiveInd": {
            "$id": "#/items/anyOf/0/properties/versionActiveInd",
            "type": "string"
          },
          "dataProviderKey": {
            "$id": "#/items/anyOf/0/properties/dataProviderKey",
            "type": "integer"
          },
          "dataProviderAbbr": {
            "$id": "#/items/anyOf/0/properties/dataProviderAbbr",
            "type": [ "string", "null" ]
          }
        }
      }
    ],
    "$id": "#/items"
  }
}