{
  "$schema": "http://json-schema.org/draft-07/schema",
  "$id": "http://example.com/example.json",
  "type": "array",
  "items": {
    "anyOf": [
      {
        "$id": "#/items/anyOf/0",
        "type": "object",
        "required": [
          "geopoliticalEntityKey",
          "geopoliticalEntityAbbr",
          "geopoliticalEntityCd",
          "geopoliticalEntityNm",
          "providerGeopoliticalEntityId",
          "providerCountryNm",
          "providerCountrySubdivisionNm",
          "providerCountrySubSubdivisionNm",
          "providerCityNm",
          "id",
          "deleteInd",
          "metaQualityCd",
          "metaActionCd",
          "metaCreatedDttm",
          "metaCreatorNm",
          "metaChangedDttm",
          "metaChangedByNm",
          "recordEntryDttm",
          "versionEffectiveDt",
          "versionTerminationDt",
          "versionActiveInd",
          "dataProviderKey",
          "dataProviderAbbr"
        ],
        "properties": {
          "geopoliticalEntityKey": {
            "$id": "#/items/anyOf/0/properties/geopoliticalEntityKey",
            "type": "integer"
          },
          "geopoliticalEntityAbbr": {
            "$id": "#/items/anyOf/0/properties/geopoliticalEntityAbbr",
            "type": [ "string", "null" ]
          },
          "geopoliticalEntityCd": {
            "$id": "#/items/anyOf/0/properties/geopoliticalEntityCd",
            "type": "string"
          },
          "geopoliticalEntityNm": {
            "$id": "#/items/anyOf/0/properties/geopoliticalEntityNm",
            "type": "string"
          },
          "providerGeopoliticalEntityId": {
            "$id": "#/items/anyOf/0/properties/providerGeopoliticalEntityId",
            "type": [ "string", "null" ]
          },
          "providerCountryNm": {
            "$id": "#/items/anyOf/0/properties/providerCountryNm",
            "type": [ "string", "null" ]
          },
          "providerCountrySubdivisionNm": {
            "$id": "#/items/anyOf/0/properties/providerCountrySubdivisionNm",
            "type": [ "string", "null" ]
          },
          "providerCountrySubSubdivisionNm": {
            "$id": "#/items/anyOf/0/properties/providerCountrySubSubdivisionNm",
            "type": [ "string", "null" ]
          },
          "providerCityNm": {
            "$id": "#/items/anyOf/0/properties/providerCityNm",
            "type": [ "string", "null" ]
          },
          "id": {
            "$id": "#/items/anyOf/0/properties/id",
            "type": "integer"
          },
          "deleteInd": {
            "$id": "#/items/anyOf/0/properties/deleteInd",
            "type": "string"
          },
          "metaQualityCd": {
            "$id": "#/items/anyOf/0/properties/metaQualityCd",
            "type": "string"
          },
          "metaActionCd": {
            "$id": "#/items/anyOf/0/properties/metaActionCd",
            "type": "string"
          },
          "metaCreatedDttm": {
            "$id": "#/items/anyOf/0/properties/metaCreatedDttm",
            "type": "string"
          },
          "metaCreatorNm": {
            "$id": "#/items/anyOf/0/properties/metaCreatorNm",
            "type": "string"
          },
          "metaChangedDttm": {
            "$id": "#/items/anyOf/0/properties/metaChangedDttm",
            "type": "string"
          },
          "metaChangedByNm": {
            "$id": "#/items/anyOf/0/properties/metaChangedByNm",
            "type": "string"
          },
          "recordEntryDttm": {
            "$id": "#/items/anyOf/0/properties/recordEntryDttm",
            "type": "string"
          },
          "versionEffectiveDt": {
            "$id": "#/items/anyOf/0/properties/versionEffectiveDt",
            "type": "string"
          },
          "versionTerminationDt": {
            "$id": "#/items/anyOf/0/properties/versionTerminationDt",
            "type": "string"
          },
          "versionActiveInd": {
            "$id": "#/items/anyOf/0/properties/versionActiveInd",
            "type": "string"
          },
          "dataProviderKey": {
            "$id": "#/items/anyOf/0/properties/dataProviderKey",
            "type": "integer"
          },
          "dataProviderAbbr": {
            "$id": "#/items/anyOf/0/properties/dataProviderAbbr",
            "type": [ "string", "null" ]
          }
        }
      }
    ],
    "$id": "#/items"
  }
}