{
  "$schema": "http://json-schema.org/draft-07/schema",
  "$id": "http://example.com/example.json",
  "type": "array",
  "items": {
    "anyOf": [
      {
        "$id": "#/items/anyOf/0",
        "type": "object",
        "required": [
          "industryTypeKey",
          "industryTypeDesc",
          "industryTypeCd",
          "providerIndustryTypeCd",
          "id",
          "deleteInd",
          "metaQualityCd",
          "metaActionCd",
          "metaCreatedDttm",
          "metaCreatorNm",
          "metaChangedDttm",
          "metaChangedByNm",
          "recordEntryDttm",
          "versionEffectiveDt",
          "versionTerminationDt",
          "versionActiveInd",
          "dataProviderKey",
          "dataProviderAbbr"
        ],
        "properties": {
          "industryTypeKey": {
            "$id": "#/items/anyOf/0/properties/industryTypeKey",
            "type": "integer"
          },
          "industryTypeDesc": {
            "$id": "#/items/anyOf/0/properties/industryTypeDesc",
            "type": [ "string", "null" ]
          },
          "industryTypeCd": {
            "$id": "#/items/anyOf/0/properties/industryTypeCd",
            "type": [ "string", "null" ]
          },
          "providerIndustryTypeCd": {
            "$id": "#/items/anyOf/0/properties/providerIndustryTypeCd",
            "type": [ "string", "null" ]
          },
          "id": {
            "$id": "#/items/anyOf/0/properties/id",
            "type": "integer"
          },
          "deleteInd": {
            "$id": "#/items/anyOf/0/properties/deleteInd",
            "type": "string"
          },
          "metaQualityCd": {
            "$id": "#/items/anyOf/0/properties/metaQualityCd",
            "type": "string"
          },
          "metaActionCd": {
            "$id": "#/items/anyOf/0/properties/metaActionCd",
            "type": "string"
          },
          "metaCreatedDttm": {
            "$id": "#/items/anyOf/0/properties/metaCreatedDttm",
            "type": "string"
          },
          "metaCreatorNm": {
            "$id": "#/items/anyOf/0/properties/metaCreatorNm",
            "type": "string"
          },
          "metaChangedDttm": {
            "$id": "#/items/anyOf/0/properties/metaChangedDttm",
            "type": "string"
          },
          "metaChangedByNm": {
            "$id": "#/items/anyOf/0/properties/metaChangedByNm",
            "type": "string"
          },
          "recordEntryDttm": {
            "$id": "#/items/anyOf/0/properties/recordEntryDttm",
            "type": "string"
          },
          "versionEffectiveDt": {
            "$id": "#/items/anyOf/0/properties/versionEffectiveDt",
            "type": "string"
          },
          "versionTerminationDt": {
            "$id": "#/items/anyOf/0/properties/versionTerminationDt",
            "type": "string"
          },
          "versionActiveInd": {
            "$id": "#/items/anyOf/0/properties/versionActiveInd",
            "type": "string"
          },
          "dataProviderKey": {
            "$id": "#/items/anyOf/0/properties/dataProviderKey",
            "type": "integer"
          },
          "dataProviderAbbr": {
            "$id": "#/items/anyOf/0/properties/dataProviderAbbr",
            "type": [ "string", "null" ]
          }
        }
      }
    ],
    "$id": "#/items"
  }
}