[
  
  {
    "testcase": "1",
    "execute": "Y",
    "inputData": {
      "startdate": "1/1/2020 12:00:00 AM",
      "enddate": "1/31/2020 12:00:00 AM",
      "countries": [4],
      "materialgrade": [41],
      "dp": []
    }
  },
  {
    "testcase": "4",
    "execute": "Y",
    "inputData": {
      "startdate": "1/1/2020 12:00:00 AM",
      "enddate": "1/31/2020 12:00:00 AM",
      "regions": [],
      "tradeorganisation": [ 3 ],
      "countries": [ 4 ],
      "materialgrade": [41],
      "dp": []
    },
    //"validateGraphQuantity": "Y",
    "validateTableQuantity": "Y",
    "sampleDataToValidate": {
      "graphData": [
        {
          "dataProvider": "EA",
          "dataProviderData": [
            {
              "month": "Jan 2020",
              "quantity": 28435.0000000000000000000
            }
          ]
        },
        {
          "dataProvider": "PETROLOGISTICS",
          "dataProviderData": [
            {
              "month": "Feb 2020",
              "quantity": 27909.6673400000000000000
            }
          ]
        },
        {
          "dataProvider": "RYSTAD",
          "dataProviderData": [
            {
              "month": "Mar 2020",
              "quantity": 31181.7636679679594101301
            }
          ]
        },
        {
          "dataProvider": "PIRA",
          "dataProviderData": [
            {
              "month": "Jan 2020",
              "quantity": 32870.5500000000000000000
            }
          ]
        },
        {
          "dataProvider": "CRUDEDESK",
          "dataProviderData": [
            {
              "month": "Jan 2020",
              "quantity": 30435.4833528300003777644
            }
          ]
        },
        {
          "dataProvider": "SHELL-BASELINE",
          "dataProviderData": [
            {
              "month": "Jan 2020",
              "quantity": 37880.5183260288748949186
            }
          ]
        }
      ],
      "tableData": [
      ]

    }
  },
  {
    "testcase": "5",
    "execute": "N",
    "inputData": {
      "startdate": "1/1/2020 12:00:00 AM",
      "enddate": "3/31/2020 12:00:00 AM",
      "regions": [],
      "tradeorganisation": [ 3 ],
      "countries": [],
      "materialgroup": [],
      "materialproduct": [],
      "dp": []
    },
    "validateGraphQuantity": "N",
    "validateTableQuantity": "N",
    "sampleDataToValidate": {
      "graphData": [
        {
          "dataProvider": "EA",
          "dataProviderData": [
            {
              "month": "Jan 2020",
              "quantity": 28435.0000000000000000000
            }
          ]
        },
        {
          "dataProvider": "PETROLOGISTICS",
          "dataProviderData": [
            {
              "month": "Feb 2020",
              "quantity": 27909.6673400000000000000
            }
          ]
        },
        {
          "dataProvider": "RYSTAD",
          "dataProviderData": [
            {
              "month": "Mar 2020",
              "quantity": 31181.7636679679594101301
            }
          ]
        },
        {
          "dataProvider": "PIRA",
          "dataProviderData": [
            {
              "month": "Jan 2020",
              "quantity": 32870.5500000000000000000
            }
          ]
        },
        {
          "dataProvider": "CRUDEDESK",
          "dataProviderData": [
            {
              "month": "Jan 2020",
              "quantity": 30435.4833528300003777644
            }
          ]
        },
        {
          "dataProvider": "SHELL-BASELINE",
          "dataProviderData": [
            {
              "month": "Jan 2020",
              "quantity": 37880.5183260288748949186
            }
          ]
        }
      ],
      "tableData": [
        {
          "countryKey": 4,
          "country": "Algeria",
          "baselineComments": [],
          "quantityMonths": [
            {
              "month": "Jan 2020",
              "quantities": [
                {
                  "dataProvider": "SHELL-BASELINE",
                  "delta": 1149.9828480000000000000
                },
                {
                  "dataProvider": "CRUDEDESK",
                  "quantity": 1192.2011999999999716238
                },
                {
                  "dataProvider": "EA",
                  "quantity": 1030.0000000000000000000
                },
                {
                  "dataProvider": "PETROLOGISTICS",
                  "quantity": 1061.5050000000000000000
                },
                {
                  "dataProvider": "PIRA",
                  "quantity": 326.7400000000000000000
                },
                {
                  "dataProvider": "RYSTAD",
                  "quantity": 2509.8524678761013170984
                }
              ]
            }
          ]
        }
      ]

    }
  }

]
