[
  {
    "testcase": "1",
    "execute": "Y",
    "inputData": {
      "country": 4,
      "materialProduct": [],
      "materialGroup": [ 4 ],
      "materialGrade": 0,
      "startMonth": "2020-01-01",
      "endMonth": "2020-01-01"
    }
  },
  {
    "testcase": "2",
    "execute": "Y",
    "inputData": {
      "country": 4,
      "materialProduct": [],
      "materialGroup": [ 4 ],
      "materialGrade": 0,
      "startMonth": "2020-01-01",
      "endMonth": "2020-03-01"
    }
  }


]
