[
  {
    "testcase": "1",
    "execute": "N",
    "update": "N",
    "inputData": {
      "storageTankKey": 1
    }
  },
  {
    "testcase": "1",
    "execute": "Y",
    "update": "Y",
    "inputData": {
      
        "storageTankKey": 1,
        "storageLocationKey": 1,
        "latitudeNum": 30.35932831,
        "longitudeNum": 48.27643485,
        "id": 38509,
        "dataSetKey": 53,
        "intelligenceSourceTypeKey": 1,
        "dataProviderKey": 32,
        "storageTankNum": null,
        "tankCommercialityTypeKey": 2,
        "tankOperationalStatusTypeKey": 1,
        "tankConstructionTypeKey": null,
        "tankRatingTypeKey": null,
        "materialTypeKey": 9,
        "averageRadiusQty": 27,
        "tankDimensionsUomKey": 9,
        "originalUomKey": 24,
        "universalUomKey": 24,
        "platformUomKey": 23,
        "originalTotalCapacityQty": 284863,
        "universalTotalCapacityQty": 284863,
        "platformTotalCapacityQty": 38855.3132,
        "originalHistoricMinimumQty": 37915,
        "universalHistoricMinimumQty": 37915,
        "platformHistoricMinimumQty": 5171.606,
        "originalHistoricMaximumQty": 290139,
        "universalHistoricMaximumQty": 290139,
        "platformHistoricMaximumQty": 39574.9596,
        "metaCheckSumId": "|2||||9|27.00000|9|24|284863.00000",
        "reportConfidenceTypeKey": 3
    }
  }




  

]
