{
    "$schema": "http://json-schema.org/draft-07/schema",
    "$id": "http://example.com/example.json",
    "type": "array",
    "items": {
        "anyOf": [
            {
                "$id": "#/items/anyOf/0",
                "type": "object",
                "required": [
                    "groupName",
                    "groupId",
                    "totalCapacityUnitTypeGroupList"
                ],
                "properties": {
                    "groupName": {
                        "$id": "#/items/anyOf/0/properties/groupName",
                        "type": "string"
                    },
                    "groupId": {
                        "$id": "#/items/anyOf/0/properties/groupId",
                        "type": "integer"
                    },
                    "totalCapacityUnitTypeGroupList": {
                        "$id": "#/items/anyOf/0/properties/totalCapacityUnitTypeGroupList",
                        "type": "array",
                        "items": {
                            "anyOf": [
                                {
                                    "$id": "#/items/anyOf/0/properties/totalCapacityUnitTypeGroupList/items/anyOf/0",
                                    "type": "object",
                                    "required": [
                                        "assetUnitTypeId",
                                        "assetUnitTypeCd",
                                        "totalCapacityDataList"
                                    ],
                                    "properties": {
                                        "assetUnitTypeId": {
                                            "$id": "#/items/anyOf/0/properties/totalCapacityUnitTypeGroupList/items/anyOf/0/properties/assetUnitTypeId",
                                            "type": "integer"
                                        },
                                        "assetUnitTypeCd": {
                                            "$id": "#/items/anyOf/0/properties/totalCapacityUnitTypeGroupList/items/anyOf/0/properties/assetUnitTypeCd",
                                            "type": "string"
                                        },
                                        "totalCapacityDataList": {
                                            "$id": "#/items/anyOf/0/properties/totalCapacityUnitTypeGroupList/items/anyOf/0/properties/totalCapacityDataList",
                                            "type": "array",
                                            "items": {
                                                "anyOf": [
                                                    {
                                                        "$id": "#/items/anyOf/0/properties/totalCapacityUnitTypeGroupList/items/anyOf/0/properties/totalCapacityDataList/items/anyOf/0",
                                                        "type": "object",
                                                        "required": [
                                                            "dataProviderId",
                                                            "dataProviderName",
                                                            "capacityQty",
                                                            "capacityUomId",
                                                            "capacityUom",
                                                            "versionTypeId",
                                                            "versionType"
                                                        ],
                                                        "properties": {
                                                            "dataProviderId": {
                                                                "$id": "#/items/anyOf/0/properties/totalCapacityUnitTypeGroupList/items/anyOf/0/properties/totalCapacityDataList/items/anyOf/0/properties/dataProviderId",
                                                                "type": "integer"
                                                            },
                                                            "dataProviderName": {
                                                                "$id": "#/items/anyOf/0/properties/totalCapacityUnitTypeGroupList/items/anyOf/0/properties/totalCapacityDataList/items/anyOf/0/properties/dataProviderName",
                                                                "type": "string"
                                                            },
                                                            "capacityQty": {
                                                                "$id": "#/items/anyOf/0/properties/totalCapacityUnitTypeGroupList/items/anyOf/0/properties/totalCapacityDataList/items/anyOf/0/properties/capacityQty",
                                                                "type": "string"
                                                            },
                                                            "capacityUomId": {
                                                                "$id": "#/items/anyOf/0/properties/totalCapacityUnitTypeGroupList/items/anyOf/0/properties/totalCapacityDataList/items/anyOf/0/properties/capacityUomId",
                                                                "type": "integer"
                                                            },
                                                            "capacityUom": {
                                                                "$id": "#/items/anyOf/0/properties/totalCapacityUnitTypeGroupList/items/anyOf/0/properties/totalCapacityDataList/items/anyOf/0/properties/capacityUom",
                                                                "type": "string"
                                                            },
                                                            "versionTypeId": {
                                                                "$id": "#/items/anyOf/0/properties/totalCapacityUnitTypeGroupList/items/anyOf/0/properties/totalCapacityDataList/items/anyOf/0/properties/versionTypeId",
                                                                "type": "integer"
                                                            },
                                                            "versionType": {
                                                                "$id": "#/items/anyOf/0/properties/totalCapacityUnitTypeGroupList/items/anyOf/0/properties/totalCapacityDataList/items/anyOf/0/properties/versionType",
                                                                "type": "string"
                                                            }
                                                        }
                                                    }
                                                ],
                                                "$id": "#/items/anyOf/0/properties/totalCapacityUnitTypeGroupList/items/anyOf/0/properties/totalCapacityDataList/items"
                                            }
                                        }
                                    }
                                }
                            ],
                            "$id": "#/items/anyOf/0/properties/totalCapacityUnitTypeGroupList/items"
                        }
                    }
                }
            }
        ],
        "$id": "#/items"
    }
}